<beans xmlns="http://www.springframework.org/schema/beans"
xmlns:context="http://www.springframework.org/schema/context"
xmlns:mvc="http://www.springframework.org/schema/mvc"
xmlns:xsi="http://www.w3.org/2001/XMLSchema-instance" xsi:schemaLocation="
http://www.springframework.org/schema/beans
http://www.springframework.org/schema/beans/spring-beans-3.0.xsd
http://www.springframework.org/schema/context
http://www.springframework.org/schema/context/spring-context-3.0.xsd
http://www.springframework.org/schema/mvc
http://www.springframework.org/schema/mvc/spring-mvc-3.0.xsd">

<context:component-scan base-package="adminmanagement.controller" />

<bean class="org.springframework.web.servlet.view.InternalResourceViewResolver">
<property name="prefix" value="/WEB-INF/jsp/" />
<property name="suffix" value=".jsp" /> </bean>

<mvc:resources mapping="/resources/**" location="/resources/" />

    <mvc:annotation-driven />
<bean id="busDao" class="adminmanagement.persistant.dao.BusDAO"></bean>
<bean id="scheduleDao" class="adminmanagement.persistant.dao.ScheduleDAO"></bean>
<bean id="adminDao" class="adminmanagement.persistant.dao.AdminDAO"></bean>
<bean id="customerDao" class="adminmanagement.persistant.dao.CustomerDAO"></bean>
<bean id="seatDao" class="adminmanagement.persistant.dao.SeatDAO"></bean>

<bean class="org.springframework.context.support.ResourceBundleMessageSource"
id="messageSource">
<property name="basename" value="messages" />
</bean>


</beans>   